week,val_n,val_mean,val_sd,val_5,val_10,val_25,val_50,val_75,val_90,val_95,qval_mean,qval_sd,qval_5,qval_10,qval_25,qval_50,qval_75,qval_90,qval_95,age_mean,age_sd,age_5,age_10,age_25,age_50,age_75,age_90,age_95,bmi_n,bmi_mean,bmi_sd,bmi_5,bmi_10,bmi_25,bmi_50,bmi_75,bmi_90,bmi_95
"[-52,-48)",1,5.75,,5.75,5.75,5.75,5.75,5.75,5.75,5.75,0.490740746259689,,0.490740746259689,0.490740746259689,0.490740746259689,0.490740746259689,0.490740746259689,0.490740746259689,0.490740746259689,27.987100456621,,27.987100456621,27.987100456621,27.987100456621,27.987100456621,27.987100456621,27.987100456621,27.987100456621,0,,,,,,,,,
"[0,4)",1,7.70699977874756,,7.70699977874756,7.70699977874756,7.70699977874756,7.70699977874756,7.70699977874756,7.70699977874756,7.70699977874756,0.888888895511627,,0.888888895511627,0.888888895511627,0.888888895511627,0.888888895511627,0.888888895511627,0.888888895511627,0.888888895511627,32.7682648401827,,32.7682648401827,32.7682648401827,32.7682648401827,32.7682648401827,32.7682648401827,32.7682648401827,32.7682648401827,0,,,,,,,,,
