week,val_n,val_mean,val_sd,val_5,val_10,val_25,val_50,val_75,val_90,val_95,qval_mean,qval_sd,qval_5,qval_10,qval_25,qval_50,qval_75,qval_90,qval_95,age_mean,age_sd,age_5,age_10,age_25,age_50,age_75,age_90,age_95,bmi_n,bmi_mean,bmi_sd,bmi_5,bmi_10,bmi_25,bmi_50,bmi_75,bmi_90,bmi_95
"[-52,-48)",1,463,,463,463,463,463,463,463,463,0.709359586238861,,0.709359586238861,0.709359586238861,0.709359586238861,0.709359586238861,0.709359586238861,0.709359586238861,0.709359586238861,34.1770547945206,,34.1770547945206,34.1770547945206,34.1770547945206,34.1770547945206,34.1770547945206,34.1770547945206,34.1770547945206,0,,,,,,,,,
"[12,16)",2,878.090026855469,0,878.090026855469,878.090026855469,878.090026855469,878.090026855469,878.090026855469,878.090026855469,878.090026855469,0.829670310020447,0,0.829670310020447,0.829670310020447,0.829670310020447,0.829670310020447,0.829670310020447,0.829670310020447,0.829670310020447,24.3667237442922,0.00201799880475691,24.3654394977169,24.3655821917808,24.3660102739726,24.3667237442922,24.3674372146119,24.3678652968037,24.3680079908676,2,28.3736991882324,0,28.3736991882324,28.3736991882324,28.3736991882324,28.3736991882324,28.3736991882324,28.3736991882324,28.3736991882324
